CharacterID,TargetCharacterID,SocialCapital,SocialCapitalStatus
AbrahamRonen,AesopSharp,0,Friend
AbrahamRonen,BaiHowin,0,Rival
AbrahamRonen,ChiyoKogawa,0,Friend
AbrahamRonen,EleazarFig,0,Rival
AbrahamRonen,PhineasBlack,0,Friend
AesopSharp,AbrahamRonen,0,Friend
AesopSharp,ChiyoKogawa,0,Friend
AesopSharp,DinahHecat,0,Rival
AesopSharp,MatildaWeasley,0,Rival
AesopSharp,PhineasBlack,0,Friend
AesopSharp,SatyavatiShah,0,Rival
BaiHowin,AesopSharp,0,Rival
BaiHowin,DinahHecat,0,BestFriend
BaiHowin,MirabelGarlick,0,Friend
BaiHowin,MudiwaOnai,0,Friend
BaiHowin,SatyavatiShah,0,Friend
ChiyoKogawa,AbrahamRonen,0,Friend
ChiyoKogawa,AesopSharp,0,Friend
ChiyoKogawa,MudiwaOnai,0,Rival
ChiyoKogawa,PhineasBlack,0,Friend
ChiyoKogawa,SatyavatiShah,0,Rival
EleazarFig,AbrahamRonen,0,Rival
EleazarFig,CuthbertBinns,0,Rival
EleazarFig,DinahHecat,0,Rival
EleazarFig,MatildaWeasley,0,Friend
EleazarFig,MudiwaOnai,0,Friend
EleazarFig,PhineasBlack,0,Friend
PhineasBlack,AbrahamRonen,0,Friend
PhineasBlack,AesopSharp,0,Friend
PhineasBlack,CuthbertBinns,0,Friend
PhineasBlack,DinahHecat,0,Rival
PhineasBlack,EleazarFig,0,Friend
PhineasBlack,MirabelGarlick,0,Rival
MatildaWeasley,AesopSharp,0,Rival
MatildaWeasley,EleazarFig,0,Friend
MatildaWeasley,GarrethWeasley,0,Family
MatildaWeasley,HectorWeasley,0,Family
MatildaWeasley,MirabelGarlick,0,Friend
MirabelGarlick,BaiHowin,0,Friend
MirabelGarlick,MatildaWeasley,0,Friend
MirabelGarlick,PhineasBlack,0,Rival
MirabelGarlick,SatyavatiShah,0,Friend
MudiwaOnai,BaiHowin,0,Friend
MudiwaOnai,ChiyoKogawa,0,Rival
MudiwaOnai,CuthbertBinns,0,Friend
MudiwaOnai,EleazarFig,0,Friend
DinahHecat,AesopSharp,0,Rival
DinahHecat,BaiHowin,0,Friend
DinahHecat,EleazarFig,0,Rival
DinahHecat,PhineasBlack,0,Rival
SatyavatiShah,AesopSharp,0,Rival
SatyavatiShah,BaiHowin,0,Friend
SatyavatiShah,ChiyoKogawa,0,Rival
SatyavatiShah,CuthbertBinns,0,Friend
SatyavatiShah,MirabelGarlick,0,Friend
CuthbertBinns,DinahHecat,0,Rival
CuthbertBinns,EleazarFig,0,Rival
CuthbertBinns,MudiwaOnai,0,Friend
CuthbertBinns,PhineasBlack,0,Friend
CuthbertBinns,SatyavatiShah,0,Friend

OminisGaunt,AdelaideOakes,9,Hate
OminisGaunt,AmitKakkar,313,Hate
OminisGaunt,AndrewLarson,308,Hate
OminisGaunt,ArthurSiggs,393,Dislike
OminisGaunt,AstoriaCrickett,405,Dislike
OminisGaunt,CharlotteMorrison,131,Hate
OminisGaunt,ConstanceDagworth,158,Hate
OminisGaunt,CressidaBlume,402,Dislike
OminisGaunt,DuncanHobhouse,502,Indifferent
OminisGaunt,EricNorthcott,185,Hate
OminisGaunt,EvangelineBardsley,240,Hate
OminisGaunt,EverettClopton,336,Hate
OminisGaunt,FrancisDoyle,1000,Companion
OminisGaunt,GarrethWeasley,269,Hate
OminisGaunt,GertrudeWigley,378,Dislike
OminisGaunt,GraceWaldegrave,944,Companion
OminisGaunt,HectorFawley,490,Indifferent
OminisGaunt,HectorWeasley,240,Hate
OminisGaunt,HerbertFleming,664,Cordial
OminisGaunt,HildaLoddington,800,Cordial
OminisGaunt,LawrenceDavies,464,Indifferent
OminisGaunt,LeanderPrewett,357,Dislike
OminisGaunt,LenoraAbbott,476,Indifferent
OminisGaunt,LucanBrattleby,173,Hate
OminisGaunt,MahendraKapoor,483,Indifferent
OminisGaunt,NatsaiOnai,241,Hate
OminisGaunt,NellieOggspire,1000,Companion
OminisGaunt,NeridaRoberts,965,Companion
OminisGaunt,OwenWynn,1000,Companion
OminisGaunt,PoppySweeting,448,Dislike
OminisGaunt,SamanthaDale,572,Familiar
OminisGaunt,SebastianSallow,1000,Companion
OminisGaunt,SophroniaFranklin,4,Hate
OminisGaunt,VioletMcDowell,585,Familiar


SebastianSallow,AdelaideOakes,318,Indifferent
SebastianSallow,AmitKakkar,762,Friendly
SebastianSallow,AndrewLarson,488,Familiar
SebastianSallow,ArthurSiggs,430,Familiar
SebastianSallow,AstoriaCrickett,421,Familiar
SebastianSallow,CharlotteMorrison,77,Hate
SebastianSallow,ConstanceDagworth,126,Hate
SebastianSallow,CressidaBlume,534,Cordial
SebastianSallow,DuncanHobhouse,279,Dislike
SebastianSallow,EricNorthcott,183,Hate
SebastianSallow,EvangelineBardsley,743,Friendly
SebastianSallow,EverettClopton,613,Cordial
SebastianSallow,FrancisDoyle,688,Cordial
SebastianSallow,GarrethWeasley,89,Hate
SebastianSallow,GertrudeWigley,482,Familiar
SebastianSallow,GraceWaldegrave,503,Cordial
SebastianSallow,HectorFawley,539,Cordial
SebastianSallow,HectorWeasley,335,Indifferent
SebastianSallow,HerbertFleming,560,Cordial
SebastianSallow,HildaLoddington,697,Cordial
SebastianSallow,LawrenceDavies,393,Indifferent
SebastianSallow,LeanderPrewett,299,Dislike
SebastianSallow,LenoraAbbott,698,Cordial
SebastianSallow,LucanBrattleby,96,Hate
SebastianSallow,MahendraKapoor,290,Dislike
SebastianSallow,NatsaiOnai,41,Hate
SebastianSallow,NellieOggspire,1000,Companion
SebastianSallow,NeridaRoberts,545,Cordial
SebastianSallow,OminisGaunt,970,Companion
SebastianSallow,OwenWynn,503,Cordial
SebastianSallow,PoppySweeting,627,Cordial
SebastianSallow,SamanthaDale,555,Cordial
SebastianSallow,SophroniaFranklin,683,Cordial
SebastianSallow,VioletMcDowell,568,Cordial

PoppySweeting,AdelaideOakes,1000,Companion
PoppySweeting,AmitKakkar,905,Companion
PoppySweeting,AndrewLarson,1000,Companion
PoppySweeting,ArthurSiggs,1000,Companion
PoppySweeting,AstoriaCrickett,289,Hate
PoppySweeting,CharlotteMorrison,797,Cordial
PoppySweeting,ConstanceDagworth,615,Familiar
PoppySweeting,CressidaBlume,453,Indifferent
PoppySweeting,DuncanHobhouse,507,Indifferent
PoppySweeting,EricNorthcott,584,Familiar
PoppySweeting,EvangelineBardsley,713,Cordial
PoppySweeting,EverettClopton,924,Companion
PoppySweeting,FrancisDoyle,740,Cordial
PoppySweeting,GarrethWeasley,503,Indifferent
PoppySweeting,GertrudeWigley,723,Cordial
PoppySweeting,GraceWaldegrave,605,Familiar
PoppySweeting,HectorFawley,489,Indifferent
PoppySweeting,HectorWeasley,749,Cordial
PoppySweeting,HerbertFleming,309,Hate
PoppySweeting,HildaLoddington,434,Dislike
PoppySweeting,LawrenceDavies,527,Indifferent
PoppySweeting,LeanderPrewett,390,Dislike
PoppySweeting,LenoraAbbott,962,Companion
PoppySweeting,LucanBrattleby,334,Hate
PoppySweeting,MahendraKapoor,688,Cordial
PoppySweeting,NatsaiOnai,427,Dislike
PoppySweeting,NellieOggspire,743,Cordial
PoppySweeting,NeridaRoberts,1000,Companion
PoppySweeting,OminisGaunt,402,Dislike
PoppySweeting,OwenWynn,733,Cordial
PoppySweeting,SamanthaDale,666,Cordial
PoppySweeting,SebastianSallow,744,Cordial
PoppySweeting,SophroniaFranklin,627,Familiar
PoppySweeting,VioletMcDowell,566,Familiar

NatsaiOnai,AdelaideOakes,328,Indifferent
NatsaiOnai,AmitKakkar,167,Hate
NatsaiOnai,AndrewLarson,394,Indifferent
NatsaiOnai,ArthurSiggs,515,Cordial
NatsaiOnai,AstoriaCrickett,798,Friendly
NatsaiOnai,CharlotteMorrison,790,Friendly
NatsaiOnai,ConstanceDagworth,390,Indifferent
NatsaiOnai,CressidaBlume,1000,Companion
NatsaiOnai,DuncanHobhouse,320,Indifferent
NatsaiOnai,EricNorthcott,729,Friendly
NatsaiOnai,EvangelineBardsley,638,Cordial
NatsaiOnai,EverettClopton,162,Hate
NatsaiOnai,FrancisDoyle,217,Dislike
NatsaiOnai,GarrethWeasley,725,Friendly
NatsaiOnai,GertrudeWigley,131,Hate
NatsaiOnai,GraceWaldegrave,140,Hate
NatsaiOnai,HectorFawley,140,Hate
NatsaiOnai,HectorWeasley,526,Cordial
NatsaiOnai,HerbertFleming,601,Cordial
NatsaiOnai,HildaLoddington,91,Hate
NatsaiOnai,LawrenceDavies,525,Cordial
NatsaiOnai,LeanderPrewett,1000,Companion
NatsaiOnai,LenoraAbbott,545,Cordial
NatsaiOnai,LucanBrattleby,444,Familiar
NatsaiOnai,MahendraKapoor,596,Cordial
NatsaiOnai,NellieOggspire,121,Hate
NatsaiOnai,NeridaRoberts,2,Hate
NatsaiOnai,OminisGaunt,65,Hate
NatsaiOnai,OwenWynn,126,Hate
NatsaiOnai,PoppySweeting,261,Dislike
NatsaiOnai,SamanthaDale,682,Cordial
NatsaiOnai,SebastianSallow,78,Hate
NatsaiOnai,SophroniaFranklin,546,Cordial
NatsaiOnai,VioletMcDowell,359,Indifferent

LeanderPrewett,AdelaideOakes,374,Dislike
LeanderPrewett,AmitKakkar,638,Familiar
LeanderPrewett,AndrewLarson,583,Familiar
LeanderPrewett,ArthurSiggs,192,Hate
LeanderPrewett,AstoriaCrickett,828,Friendly
LeanderPrewett,CharlotteMorrison,525,Indifferent
LeanderPrewett,ConstanceDagworth,867,Friendly
LeanderPrewett,CressidaBlume,931,Companion
LeanderPrewett,DuncanHobhouse,266,Dislike
LeanderPrewett,EricNorthcott,1000,Companion
LeanderPrewett,EvangelineBardsley,666,Familiar
LeanderPrewett,EverettClopton,125,Hate
LeanderPrewett,FrancisDoyle,589,Familiar
LeanderPrewett,GarrethWeasley,921,Companion
LeanderPrewett,GertrudeWigley,83,Hate
LeanderPrewett,GraceWaldegrave,102,Hate
LeanderPrewett,HectorFawley,949,Companion
LeanderPrewett,HectorWeasley,707,Cordial
LeanderPrewett,HerbertFleming,586,Familiar
LeanderPrewett,HildaLoddington,70,Hate
LeanderPrewett,LawrenceDavies,1000,Companion
LeanderPrewett,LenoraAbbott,789,Cordial
LeanderPrewett,LucanBrattleby,786,Cordial
LeanderPrewett,MahendraKapoor,659,Familiar
LeanderPrewett,NatsaiOnai,1000,Companion
LeanderPrewett,NellieOggspire,114,Hate
LeanderPrewett,NeridaRoberts,23,Hate
LeanderPrewett,OminisGaunt,239,Hate
LeanderPrewett,OwenWynn,290,Dislike
LeanderPrewett,PoppySweeting,375,Dislike
LeanderPrewett,SamanthaDale,814,Friendly
LeanderPrewett,SebastianSallow,363,Dislike
LeanderPrewett,SophroniaFranklin,674,Familiar
LeanderPrewett,VioletMcDowell,462,Indifferent

GarrethWeasley,AdelaideOakes,237,Hate
GarrethWeasley,AmitKakkar,176,Hate
GarrethWeasley,AndrewLarson,524,Cordial
GarrethWeasley,ArthurSiggs,18,Hate
GarrethWeasley,AstoriaCrickett,115,Hate
GarrethWeasley,CharlotteMorrison,873,Friendly
GarrethWeasley,ConstanceDagworth,716,Cordial
GarrethWeasley,CressidaBlume,222,Hate
GarrethWeasley,DuncanHobhouse,455,Familiar
GarrethWeasley,EricNorthcott,1000,Companion
GarrethWeasley,EvangelineBardsley,8,Hate
GarrethWeasley,EverettClopton,242,Hate
GarrethWeasley,FrancisDoyle,166,Hate
GarrethWeasley,GertrudeWigley,298,Dislike
GarrethWeasley,GraceWaldegrave,164,Hate
GarrethWeasley,HectorFawley,506,Cordial
GarrethWeasley,HectorWeasley,1000,Companion
GarrethWeasley,HerbertFleming,467,Familiar
GarrethWeasley,HildaLoddington,140,Hate
GarrethWeasley,LawrenceDavies,893,Friendly
GarrethWeasley,LeanderPrewett,873,Friendly
GarrethWeasley,LenoraAbbott,576,Cordial
GarrethWeasley,LucanBrattleby,698,Cordial
GarrethWeasley,MahendraKapoor,353,Indifferent
GarrethWeasley,NatsaiOnai,822,Friendly
GarrethWeasley,NellieOggspire,21,Hate
GarrethWeasley,NeridaRoberts,140,Hate
GarrethWeasley,OminisGaunt,203,Hate
GarrethWeasley,OwenWynn,351,Indifferent
GarrethWeasley,PoppySweeting,472,Familiar
GarrethWeasley,SamanthaDale,208,Hate
GarrethWeasley,SebastianSallow,181,Hate
GarrethWeasley,SophroniaFranklin,477,Familiar
GarrethWeasley,VioletMcDowell,148,Hate
GarrethWeasley,HectorWeasley,0,Family
GarrethWeasley,MatildaWeasley,0,Family

AmitKakkar,AdelaideOakes,854,Friendly
AmitKakkar,AndrewLarson,727,Cordial
AmitKakkar,ArthurSiggs,446,Familiar
AmitKakkar,AstoriaCrickett,700,Cordial
AmitKakkar,CharlotteMorrison,49,Hate
AmitKakkar,ConstanceDagworth,581,Familiar
AmitKakkar,CressidaBlume,468,Familiar
AmitKakkar,DuncanHobhouse,587,Familiar
AmitKakkar,EricNorthcott,290,Indifferent
AmitKakkar,EvangelineBardsley,660,Cordial
AmitKakkar,EverettClopton,302,Indifferent
AmitKakkar,FrancisDoyle,631,Cordial
AmitKakkar,GarrethWeasley,68,Hate
AmitKakkar,GertrudeWigley,777,Friendly
AmitKakkar,GraceWaldegrave,404,Familiar
AmitKakkar,HectorFawley,796,Friendly
AmitKakkar,HectorWeasley,55,Hate
AmitKakkar,HerbertFleming,513,Familiar
AmitKakkar,HildaLoddington,99,Hate
AmitKakkar,LawrenceDavies,131,Dislike
AmitKakkar,LeanderPrewett,518,Familiar
AmitKakkar,LenoraAbbott,682,Cordial
AmitKakkar,LucanBrattleby,7,Hate
AmitKakkar,MahendraKapoor,455,Familiar
AmitKakkar,NatsaiOnai,118,Dislike
AmitKakkar,NellieOggspire,841,Friendly
AmitKakkar,NeridaRoberts,480,Familiar
AmitKakkar,OminisGaunt,108,Dislike
AmitKakkar,OwenWynn,242,Dislike
AmitKakkar,PoppySweeting,750,Cordial
AmitKakkar,SamanthaDale,514,Familiar
AmitKakkar,SebastianSallow,731,Cordial
AmitKakkar,SophroniaFranklin,1000,Companion
AmitKakkar,VioletMcDowell,472,Familiar

AdelaideOakes,AmitKakkar,940,Companion
AdelaideOakes,AndrewLarson,780,Friendly
AdelaideOakes,ArthurSiggs,741,Friendly
AdelaideOakes,AstoriaCrickett,178,Hate
AdelaideOakes,CharlotteMorrison,370,Indifferent
AdelaideOakes,ConstanceDagworth,535,Familiar
AdelaideOakes,CressidaBlume,333,Indifferent
AdelaideOakes,DuncanHobhouse,84,Hate
AdelaideOakes,EricNorthcott,310,Indifferent
AdelaideOakes,EvangelineBardsley,954,Companion
AdelaideOakes,EverettClopton,579,Familiar
AdelaideOakes,FrancisDoyle,314,Indifferent
AdelaideOakes,GarrethWeasley,241,Dislike
AdelaideOakes,GertrudeWigley,210,Dislike
AdelaideOakes,GraceWaldegrave,289,Dislike
AdelaideOakes,HectorFawley,29,Hate
AdelaideOakes,HectorWeasley,366,Indifferent
AdelaideOakes,HerbertFleming,82,Hate
AdelaideOakes,HildaLoddington,299,Dislike
AdelaideOakes,LawrenceDavies,266,Dislike
AdelaideOakes,LeanderPrewett,211,Dislike
AdelaideOakes,LenoraAbbott,457,Familiar
AdelaideOakes,LucanBrattleby,556,Familiar
AdelaideOakes,MahendraKapoor,380,Indifferent
AdelaideOakes,NatsaiOnai,349,Indifferent
AdelaideOakes,NellieOggspire,317,Indifferent
AdelaideOakes,NeridaRoberts,730,Friendly
AdelaideOakes,OminisGaunt,174,Hate
AdelaideOakes,OwenWynn,300,Dislike
AdelaideOakes,PoppySweeting,864,Friendly
AdelaideOakes,SamanthaDale,225,Dislike
AdelaideOakes,SebastianSallow,288,Dislike
AdelaideOakes,SophroniaFranklin,297,Dislike
AdelaideOakes,VioletMcDowell,246,Dislike
AdelaideOakes,AndrewLarson,0,Rival
AdelaideOakes,PoppySweeting,0,Enemy
AdelaideOakes,RowlandOakes,0,Family

AndrewLarson,AdelaideOakes,991,Companion
AndrewLarson,AmitKakkar,832,Companion
AndrewLarson,ArthurSiggs,1000,Companion
AndrewLarson,AstoriaCrickett,367,Indifferent
AndrewLarson,CharlotteMorrison,87,Hate
AndrewLarson,ConstanceDagworth,785,Friendly
AndrewLarson,CressidaBlume,220,Hate
AndrewLarson,DuncanHobhouse,516,Familiar
AndrewLarson,EricNorthcott,557,Cordial
AndrewLarson,EvangelineBardsley,405,Indifferent
AndrewLarson,EverettClopton,866,Companion
AndrewLarson,FrancisDoyle,666,Friendly
AndrewLarson,GarrethWeasley,557,Cordial
AndrewLarson,GertrudeWigley,205,Hate
AndrewLarson,GraceWaldegrave,440,Indifferent
AndrewLarson,HectorFawley,229,Hate
AndrewLarson,HectorWeasley,845,Companion
AndrewLarson,HerbertFleming,356,Indifferent
AndrewLarson,HildaLoddington,344,Dislike
AndrewLarson,LawrenceDavies,646,Cordial
AndrewLarson,LeanderPrewett,588,Cordial
AndrewLarson,LenoraAbbott,386,Indifferent
AndrewLarson,LucanBrattleby,245,Hate
AndrewLarson,MahendraKapoor,1000,Companion
AndrewLarson,NatsaiOnai,367,Indifferent
AndrewLarson,NellieOggspire,810,Companion
AndrewLarson,NeridaRoberts,786,Friendly
AndrewLarson,OminisGaunt,250,Hate
AndrewLarson,OwenWynn,486,Familiar
AndrewLarson,PoppySweeting,1000,Companion
AndrewLarson,SamanthaDale,900,Companion
AndrewLarson,SebastianSallow,471,Familiar
AndrewLarson,SophroniaFranklin,837,Companion
AndrewLarson,VioletMcDowell,221,Hate

AstoriaCrickett,AdelaideOakes,265,Dislike
AstoriaCrickett,AmitKakkar,682,Cordial
AstoriaCrickett,AndrewLarson,368,Indifferent
AstoriaCrickett,ArthurSiggs,735,Cordial
AstoriaCrickett,CharlotteMorrison,523,Familiar
AstoriaCrickett,ConstanceDagworth,754,Cordial
AstoriaCrickett,CressidaBlume,895,Friendly
AstoriaCrickett,DuncanHobhouse,180,Hate
AstoriaCrickett,EricNorthcott,340,Dislike
AstoriaCrickett,EvangelineBardsley,559,Cordial
AstoriaCrickett,EverettClopton,58,Hate
AstoriaCrickett,FrancisDoyle,434,Indifferent
AstoriaCrickett,GarrethWeasley,109,Hate
AstoriaCrickett,GertrudeWigley,602,Cordial
AstoriaCrickett,GraceWaldegrave,388,Indifferent
AstoriaCrickett,HectorFawley,816,Friendly
AstoriaCrickett,HectorWeasley,409,Indifferent
AstoriaCrickett,HerbertFleming,645,Cordial
AstoriaCrickett,HildaLoddington,232,Hate
AstoriaCrickett,LawrenceDavies,691,Cordial
AstoriaCrickett,LeanderPrewett,746,Cordial
AstoriaCrickett,LenoraAbbott,471,Familiar
AstoriaCrickett,LucanBrattleby,152,Hate
AstoriaCrickett,MahendraKapoor,578,Cordial
AstoriaCrickett,NatsaiOnai,827,Friendly
AstoriaCrickett,NellieOggspire,495,Familiar
AstoriaCrickett,NeridaRoberts,475,Familiar
AstoriaCrickett,OminisGaunt,365,Indifferent
AstoriaCrickett,OwenWynn,229,Hate
AstoriaCrickett,PoppySweeting,89,Hate
AstoriaCrickett,SamanthaDale,1000,Companion
AstoriaCrickett,SebastianSallow,417,Indifferent
AstoriaCrickett,SophroniaFranklin,985,Companion
AstoriaCrickett,VioletMcDowell,555,Cordial

CharlotteMorrison,AdelaideOakes,346,Dislike
CharlotteMorrison,AmitKakkar,300,Dislike
CharlotteMorrison,AndrewLarson,48,Hate
CharlotteMorrison,ArthurSiggs,401,Indifferent
CharlotteMorrison,AstoriaCrickett,494,Familiar
CharlotteMorrison,ConstanceDagworth,598,Cordial
CharlotteMorrison,CressidaBlume,420,Indifferent
CharlotteMorrison,DuncanHobhouse,446,Indifferent
CharlotteMorrison,EricNorthcott,920,Companion
CharlotteMorrison,EvangelineBardsley,566,Cordial
CharlotteMorrison,EverettClopton,500,Familiar
CharlotteMorrison,FrancisDoyle,16,Hate
CharlotteMorrison,GarrethWeasley,878,Companion
CharlotteMorrison,GertrudeWigley,395,Indifferent
CharlotteMorrison,GraceWaldegrave,178,Hate
CharlotteMorrison,HectorFawley,430,Indifferent
CharlotteMorrison,HectorWeasley,385,Indifferent
CharlotteMorrison,HerbertFleming,385,Indifferent
CharlotteMorrison,HildaLoddington,160,Hate
CharlotteMorrison,LawrenceDavies,294,Dislike
CharlotteMorrison,LeanderPrewett,481,Familiar
CharlotteMorrison,LenoraAbbott,498,Familiar
CharlotteMorrison,LucanBrattleby,636,Cordial
CharlotteMorrison,MahendraKapoor,492,Familiar
CharlotteMorrison,NatsaiOnai,855,Companion
CharlotteMorrison,NellieOggspire,203,Hate
CharlotteMorrison,NeridaRoberts,176,Hate
CharlotteMorrison,OminisGaunt,135,Hate
CharlotteMorrison,OwenWynn,71,Hate
CharlotteMorrison,PoppySweeting,683,Cordial
CharlotteMorrison,SamanthaDale,383,Indifferent
CharlotteMorrison,SebastianSallow,3,Hate
CharlotteMorrison,SophroniaFranklin,381,Indifferent
CharlotteMorrison,VioletMcDowell,928,Companion

ConstanceDagworth,AdelaideOakes,659,Familiar
ConstanceDagworth,AmitKakkar,722,Cordial
ConstanceDagworth,AndrewLarson,810,Friendly
ConstanceDagworth,ArthurSiggs,583,Familiar
ConstanceDagworth,AstoriaCrickett,879,Friendly
ConstanceDagworth,CharlotteMorrison,630,Familiar
ConstanceDagworth,CressidaBlume,543,Indifferent
ConstanceDagworth,DuncanHobhouse,339,Dislike
ConstanceDagworth,EricNorthcott,458,Indifferent
ConstanceDagworth,EvangelineBardsley,88,Hate
ConstanceDagworth,EverettClopton,572,Familiar
ConstanceDagworth,FrancisDoyle,672,Familiar
ConstanceDagworth,GarrethWeasley,708,Cordial
ConstanceDagworth,GertrudeWigley,885,Friendly
ConstanceDagworth,GraceWaldegrave,572,Familiar
ConstanceDagworth,HectorFawley,777,Cordial
ConstanceDagworth,HectorWeasley,27,Hate
ConstanceDagworth,HerbertFleming,935,Companion
ConstanceDagworth,HildaLoddington,232,Hate
ConstanceDagworth,LawrenceDavies,237,Hate
ConstanceDagworth,LeanderPrewett,822,Friendly
ConstanceDagworth,LenoraAbbott,139,Hate
ConstanceDagworth,LucanBrattleby,222,Hate
ConstanceDagworth,MahendraKapoor,883,Friendly
ConstanceDagworth,NatsaiOnai,482,Indifferent
ConstanceDagworth,NellieOggspire,241,Hate
ConstanceDagworth,NeridaRoberts,512,Indifferent
ConstanceDagworth,OminisGaunt,39,Hate
ConstanceDagworth,OwenWynn,644,Familiar
ConstanceDagworth,PoppySweeting,530,Indifferent
ConstanceDagworth,SamanthaDale,956,Companion
ConstanceDagworth,SebastianSallow,166,Hate
ConstanceDagworth,SophroniaFranklin,820,Friendly
ConstanceDagworth,VioletMcDowell,168,Hate

CressidaBlume,AdelaideOakes,235,Dislike
CressidaBlume,AmitKakkar,397,Indifferent
CressidaBlume,AndrewLarson,237,Dislike
CressidaBlume,ArthurSiggs,653,Cordial
CressidaBlume,AstoriaCrickett,883,Friendly
CressidaBlume,CharlotteMorrison,365,Indifferent
CressidaBlume,ConstanceDagworth,405,Familiar
CressidaBlume,DuncanHobhouse,111,Hate
CressidaBlume,EricNorthcott,192,Hate
CressidaBlume,EvangelineBardsley,541,Cordial
CressidaBlume,EverettClopton,161,Hate
CressidaBlume,FrancisDoyle,581,Cordial
CressidaBlume,GarrethWeasley,188,Hate
CressidaBlume,GertrudeWigley,222,Dislike
CressidaBlume,GraceWaldegrave,526,Cordial
CressidaBlume,HectorFawley,82,Hate
CressidaBlume,HectorWeasley,433,Familiar
CressidaBlume,HerbertFleming,364,Indifferent
CressidaBlume,HildaLoddington,74,Hate
CressidaBlume,LawrenceDavies,455,Familiar
CressidaBlume,LeanderPrewett,874,Friendly
CressidaBlume,LenoraAbbott,710,Friendly
CressidaBlume,LucanBrattleby,329,Indifferent
CressidaBlume,MahendraKapoor,405,Familiar
CressidaBlume,NatsaiOnai,1000,Companion
CressidaBlume,NellieOggspire,442,Familiar
CressidaBlume,NeridaRoberts,146,Hate
CressidaBlume,OminisGaunt,300,Dislike
CressidaBlume,OwenWynn,289,Dislike
CressidaBlume,PoppySweeting,301,Indifferent
CressidaBlume,SamanthaDale,600,Cordial
CressidaBlume,SebastianSallow,556,Cordial
CressidaBlume,SophroniaFranklin,513,Cordial
CressidaBlume,VioletMcDowell,24,Hate

DuncanHobhouse,AdelaideOakes,231,Hate
DuncanHobhouse,AmitKakkar,587,Cordial
DuncanHobhouse,AndrewLarson,587,Cordial
DuncanHobhouse,ArthurSiggs,420,Indifferent
DuncanHobhouse,AstoriaCrickett,127,Hate
DuncanHobhouse,CharlotteMorrison,370,Indifferent
DuncanHobhouse,ConstanceDagworth,295,Dislike
DuncanHobhouse,CressidaBlume,136,Hate
DuncanHobhouse,EricNorthcott,292,Dislike
DuncanHobhouse,EvangelineBardsley,179,Hate
DuncanHobhouse,EverettClopton,641,Cordial
DuncanHobhouse,FrancisDoyle,63,Hate
DuncanHobhouse,GarrethWeasley,461,Familiar
DuncanHobhouse,GertrudeWigley,943,Companion
DuncanHobhouse,GraceWaldegrave,338,Dislike
DuncanHobhouse,HectorFawley,506,Familiar
DuncanHobhouse,HectorWeasley,267,Dislike
DuncanHobhouse,HerbertFleming,710,Cordial
DuncanHobhouse,HildaLoddington,217,Hate
DuncanHobhouse,LawrenceDavies,199,Hate
DuncanHobhouse,LeanderPrewett,120,Hate
DuncanHobhouse,LenoraAbbott,146,Hate
DuncanHobhouse,LucanBrattleby,36,Hate
DuncanHobhouse,MahendraKapoor,537,Familiar
DuncanHobhouse,NatsaiOnai,329,Dislike
DuncanHobhouse,NellieOggspire,539,Familiar
DuncanHobhouse,NeridaRoberts,349,Dislike
DuncanHobhouse,OminisGaunt,411,Indifferent
DuncanHobhouse,OwenWynn,104,Hate
DuncanHobhouse,PoppySweeting,434,Indifferent
DuncanHobhouse,SamanthaDale,401,Indifferent
DuncanHobhouse,SebastianSallow,321,Dislike
DuncanHobhouse,SophroniaFranklin,642,Cordial
DuncanHobhouse,VioletMcDowell,159,Hate

EricNorthcott,AdelaideOakes,302,Indifferent
EricNorthcott,AmitKakkar,304,Indifferent
EricNorthcott,AndrewLarson,649,Cordial
EricNorthcott,ArthurSiggs,159,Hate
EricNorthcott,AstoriaCrickett,335,Indifferent
EricNorthcott,CharlotteMorrison,983,Companion
EricNorthcott,ConstanceDagworth,290,Dislike
EricNorthcott,CressidaBlume,192,Hate
EricNorthcott,DuncanHobhouse,270,Dislike
EricNorthcott,EvangelineBardsley,226,Dislike
EricNorthcott,EverettClopton,196,Hate
EricNorthcott,FrancisDoyle,531,Familiar
EricNorthcott,GarrethWeasley,1000,Companion
EricNorthcott,GertrudeWigley,95,Hate
EricNorthcott,GraceWaldegrave,69,Hate
EricNorthcott,HectorFawley,739,Friendly
EricNorthcott,HectorWeasley,995,Companion
EricNorthcott,HerbertFleming,97,Hate
EricNorthcott,HildaLoddington,67,Hate
EricNorthcott,LawrenceDavies,1000,Companion
EricNorthcott,LeanderPrewett,1000,Companion
EricNorthcott,LenoraAbbott,538,Familiar
EricNorthcott,LucanBrattleby,793,Friendly
EricNorthcott,MahendraKapoor,627,Cordial
EricNorthcott,NatsaiOnai,698,Friendly
EricNorthcott,NellieOggspire,70,Hate
EricNorthcott,NeridaRoberts,290,Dislike
EricNorthcott,OminisGaunt,99,Hate
EricNorthcott,OwenWynn,276,Dislike
EricNorthcott,PoppySweeting,491,Familiar
EricNorthcott,SamanthaDale,445,Indifferent
EricNorthcott,SebastianSallow,9,Hate
EricNorthcott,SophroniaFranklin,285,Dislike
EricNorthcott,VioletMcDowell,798,Friendly

EvangelineBardsley,AdelaideOakes,1000,Companion
EvangelineBardsley,AmitKakkar,946,Companion
EvangelineBardsley,AndrewLarson,490,Indifferent
EvangelineBardsley,ArthurSiggs,652,Cordial
EvangelineBardsley,AstoriaCrickett,639,Familiar
EvangelineBardsley,CharlotteMorrison,680,Cordial
EvangelineBardsley,ConstanceDagworth,208,Hate
EvangelineBardsley,CressidaBlume,662,Cordial
EvangelineBardsley,DuncanHobhouse,59,Hate
EvangelineBardsley,EricNorthcott,274,Hate
EvangelineBardsley,EverettClopton,934,Companion
EvangelineBardsley,FrancisDoyle,128,Hate
EvangelineBardsley,GarrethWeasley,2,Hate
EvangelineBardsley,GertrudeWigley,581,Familiar
EvangelineBardsley,GraceWaldegrave,161,Hate
EvangelineBardsley,HectorFawley,572,Familiar
EvangelineBardsley,HectorWeasley,378,Dislike
EvangelineBardsley,HerbertFleming,449,Dislike
EvangelineBardsley,HildaLoddington,409,Dislike
EvangelineBardsley,LawrenceDavies,431,Dislike
EvangelineBardsley,LeanderPrewett,677,Cordial
EvangelineBardsley,LenoraAbbott,498,Indifferent
EvangelineBardsley,LucanBrattleby,542,Indifferent
EvangelineBardsley,MahendraKapoor,851,Friendly
EvangelineBardsley,NatsaiOnai,851,Friendly
EvangelineBardsley,NellieOggspire,330,Hate
EvangelineBardsley,NeridaRoberts,388,Dislike
EvangelineBardsley,OminisGaunt,249,Hate
EvangelineBardsley,OwenWynn,344,Hate
EvangelineBardsley,PoppySweeting,673,Cordial
EvangelineBardsley,SamanthaDale,559,Familiar
EvangelineBardsley,SebastianSallow,934,Companion
EvangelineBardsley,SophroniaFranklin,563,Familiar
EvangelineBardsley,VioletMcDowell,1000,Companion

EverettClopton,AdelaideOakes,470,Familiar
EverettClopton,AmitKakkar,238,Indifferent
EverettClopton,AndrewLarson,722,Companion
EverettClopton,ArthurSiggs,397,Familiar
EverettClopton,AstoriaCrickett,48,Hate
EverettClopton,CharlotteMorrison,345,Familiar
EverettClopton,ConstanceDagworth,265,Indifferent
EverettClopton,CressidaBlume,97,Hate
EverettClopton,DuncanHobhouse,540,Cordial
EverettClopton,EricNorthcott,37,Hate
EverettClopton,EvangelineBardsley,721,Companion
EverettClopton,FrancisDoyle,19,Hate
EverettClopton,GarrethWeasley,96,Hate
EverettClopton,GertrudeWigley,513,Cordial
EverettClopton,GraceWaldegrave,373,Familiar
EverettClopton,HectorFawley,137,Dislike
EverettClopton,HectorWeasley,446,Familiar
EverettClopton,HerbertFleming,257,Indifferent
EverettClopton,HildaLoddington,975,Companion
EverettClopton,LawrenceDavies,39,Hate
EverettClopton,LeanderPrewett,13,Hate
EverettClopton,LenoraAbbott,76,Hate
EverettClopton,LucanBrattleby,303,Familiar
EverettClopton,MahendraKapoor,433,Familiar
EverettClopton,NatsaiOnai,7,Hate
EverettClopton,NellieOggspire,234,Indifferent
EverettClopton,NeridaRoberts,236,Indifferent
EverettClopton,OminisGaunt,114,Dislike
EverettClopton,OwenWynn,43,Hate
EverettClopton,PoppySweeting,631,Friendly
EverettClopton,SamanthaDale,457,Familiar
EverettClopton,SebastianSallow,514,Cordial
EverettClopton,SophroniaFranklin,322,Familiar

FrancisDoyle,AdelaideOakes,459,Dislike
FrancisDoyle,AmitKakkar,912,Companion
FrancisDoyle,AndrewLarson,800,Friendly
FrancisDoyle,ArthurSiggs,514,Indifferent
FrancisDoyle,AstoriaCrickett,628,Familiar
FrancisDoyle,CharlotteMorrison,161,Hate
FrancisDoyle,ConstanceDagworth,660,Cordial
FrancisDoyle,CressidaBlume,699,Cordial
FrancisDoyle,DuncanHobhouse,244,Hate
FrancisDoyle,EricNorthcott,743,Cordial
FrancisDoyle,EvangelineBardsley,122,Hate
FrancisDoyle,EverettClopton,102,Hate
FrancisDoyle,GarrethWeasley,273,Hate
FrancisDoyle,GertrudeWigley,401,Dislike
FrancisDoyle,GraceWaldegrave,799,Friendly
FrancisDoyle,HectorFawley,546,Indifferent
FrancisDoyle,HectorWeasley,191,Hate
FrancisDoyle,HerbertFleming,770,Friendly
FrancisDoyle,HildaLoddington,325,Dislike
FrancisDoyle,LawrenceDavies,427,Dislike
FrancisDoyle,LeanderPrewett,727,Cordial
FrancisDoyle,LenoraAbbott,692,Cordial
FrancisDoyle,LucanBrattleby,341,Dislike
FrancisDoyle,MahendraKapoor,984,Companion
FrancisDoyle,NatsaiOnai,419,Dislike
FrancisDoyle,NellieOggspire,1000,Companion
FrancisDoyle,NeridaRoberts,1000,Companion
FrancisDoyle,OminisGaunt,1000,Companion
FrancisDoyle,OwenWynn,1000,Companion
FrancisDoyle,PoppySweeting,760,Friendly
FrancisDoyle,SamanthaDale,1000,Companion
FrancisDoyle,SebastianSallow,849,Friendly
FrancisDoyle,SophroniaFranklin,767,Friendly
FrancisDoyle,VioletMcDowell,291,Hate

GertrudeWigley,AdelaideOakes,389,Dislike
GertrudeWigley,AmitKakkar,925,Companion
GertrudeWigley,AndrewLarson,308,Hate
GertrudeWigley,ArthurSiggs,808,Friendly
GertrudeWigley,AstoriaCrickett,746,Cordial
GertrudeWigley,CharlotteMorrison,516,Indifferent
GertrudeWigley,ConstanceDagworth,945,Companion
GertrudeWigley,CressidaBlume,364,Dislike
GertrudeWigley,DuncanHobhouse,1000,Companion
GertrudeWigley,EricNorthcott,88,Hate
GertrudeWigley,EvangelineBardsley,507,Indifferent
GertrudeWigley,EverettClopton,723,Cordial
GertrudeWigley,FrancisDoyle,369,Dislike
GertrudeWigley,GarrethWeasley,335,Hate
GertrudeWigley,GraceWaldegrave,644,Familiar
GertrudeWigley,HectorFawley,769,Friendly
GertrudeWigley,HectorWeasley,142,Hate
GertrudeWigley,HerbertFleming,704,Cordial
GertrudeWigley,HildaLoddington,500,Indifferent
GertrudeWigley,LawrenceDavies,69,Hate
GertrudeWigley,LeanderPrewett,169,Hate
GertrudeWigley,LenoraAbbott,464,Indifferent
GertrudeWigley,LucanBrattleby,5,Hate
GertrudeWigley,MahendraKapoor,611,Familiar
GertrudeWigley,NatsaiOnai,269,Hate
GertrudeWigley,NellieOggspire,645,Familiar
GertrudeWigley,NeridaRoberts,686,Cordial
GertrudeWigley,OminisGaunt,306,Hate
GertrudeWigley,OwenWynn,284,Hate
GertrudeWigley,PoppySweeting,715,Cordial
GertrudeWigley,SamanthaDale,477,Indifferent
GertrudeWigley,SebastianSallow,706,Cordial
GertrudeWigley,SophroniaFranklin,527,Indifferent
GertrudeWigley,VioletMcDowell,305,Hate

GraceWaldegrave,AdelaideOakes,481,Indifferent
GraceWaldegrave,AmitKakkar,526,Indifferent
GraceWaldegrave,AndrewLarson,545,Indifferent
GraceWaldegrave,ArthurSiggs,780,Cordial
GraceWaldegrave,AstoriaCrickett,414,Dislike
GraceWaldegrave,CharlotteMorrison,267,Hate
GraceWaldegrave,ConstanceDagworth,627,Familiar
GraceWaldegrave,CressidaBlume,707,Cordial
GraceWaldegrave,DuncanHobhouse,444,Dislike
GraceWaldegrave,EricNorthcott,209,Hate
GraceWaldegrave,EvangelineBardsley,177,Hate
GraceWaldegrave,EverettClopton,560,Familiar
GraceWaldegrave,FrancisDoyle,790,Cordial
GraceWaldegrave,GarrethWeasley,50,Hate
GraceWaldegrave,GertrudeWigley,633,Familiar
GraceWaldegrave,HectorFawley,503,Indifferent
GraceWaldegrave,HectorWeasley,115,Hate
GraceWaldegrave,HerbertFleming,730,Cordial
GraceWaldegrave,HildaLoddington,1000,Companion
GraceWaldegrave,LawrenceDavies,65,Hate
GraceWaldegrave,LeanderPrewett,48,Hate
GraceWaldegrave,LenoraAbbott,381,Dislike
GraceWaldegrave,LucanBrattleby,244,Hate
GraceWaldegrave,MahendraKapoor,90,Hate
GraceWaldegrave,NatsaiOnai,271,Hate
GraceWaldegrave,NellieOggspire,615,Familiar
GraceWaldegrave,NeridaRoberts,563,Familiar
GraceWaldegrave,OminisGaunt,1000,Companion
GraceWaldegrave,OwenWynn,802,Friendly
GraceWaldegrave,PoppySweeting,629,Familiar
GraceWaldegrave,SamanthaDale,669,Cordial
GraceWaldegrave,SebastianSallow,711,Cordial
GraceWaldegrave,SophroniaFranklin,258,Hate
GraceWaldegrave,VioletMcDowell,86,Hate

HectorFawley,AdelaideOakes,106,Hate
HectorFawley,AmitKakkar,941,Companion
HectorFawley,AndrewLarson,319,Dislike
HectorFawley,ArthurSiggs,128,Hate
HectorFawley,AstoriaCrickett,802,Friendly
HectorFawley,CharlotteMorrison,443,Indifferent
HectorFawley,ConstanceDagworth,649,Cordial
HectorFawley,CressidaBlume,107,Hate
HectorFawley,DuncanHobhouse,483,Familiar
HectorFawley,EricNorthcott,648,Cordial
HectorFawley,EvangelineBardsley,395,Indifferent
HectorFawley,EverettClopton,289,Dislike
HectorFawley,FrancisDoyle,425,Indifferent
HectorFawley,GarrethWeasley,468,Familiar
HectorFawley,GertrudeWigley,710,Cordial
HectorFawley,GraceWaldegrave,457,Familiar
HectorFawley,HectorWeasley,188,Hate
HectorFawley,HerbertFleming,629,Cordial
HectorFawley,HildaLoddington,170,Hate
HectorFawley,LawrenceDavies,565,Cordial
HectorFawley,LeanderPrewett,877,Companion
HectorFawley,LenoraAbbott,490,Familiar
HectorFawley,LucanBrattleby,229,Hate
HectorFawley,MahendraKapoor,328,Dislike
HectorFawley,NatsaiOnai,88,Hate
HectorFawley,NellieOggspire,311,Dislike
HectorFawley,NeridaRoberts,149,Hate
HectorFawley,OminisGaunt,424,Indifferent
HectorFawley,OwenWynn,346,Dislike
HectorFawley,PoppySweeting,435,Indifferent
HectorFawley,SamanthaDale,415,Indifferent
HectorFawley,SebastianSallow,596,Cordial
HectorFawley,SophroniaFranklin,521,Familiar
HectorFawley,VioletMcDowell,346,Dislike
HectorWeasley,AdelaideOakes,274,Indifferent
HectorWeasley,AmitKakkar,28,Hate
HectorWeasley,AndrewLarson,764,Friendly
HectorWeasley,ArthurSiggs,419,Familiar
HectorWeasley,AstoriaCrickett,262,Indifferent
HectorWeasley,CharlotteMorrison,295,Indifferent
HectorWeasley,ConstanceDagworth,115,Hate
HectorWeasley,CressidaBlume,358,Familiar
HectorWeasley,DuncanHobhouse,200,Dislike
HectorWeasley,EricNorthcott,945,Companion
HectorWeasley,EvangelineBardsley,156,Dislike
HectorWeasley,EverettClopton,481,Cordial
HectorWeasley,FrancisDoyle,71,Hate
HectorWeasley,GarrethWeasley,1000,Companion
HectorWeasley,GertrudeWigley,77,Hate
HectorWeasley,GraceWaldegrave,58,Hate
HectorWeasley,HectorFawley,88,Hate
HectorWeasley,HerbertFleming,50,Hate
HectorWeasley,HildaLoddington,67,Hate
HectorWeasley,LawrenceDavies,1000,Companion
HectorWeasley,LeanderPrewett,549,Cordial
HectorWeasley,LenoraAbbott,517,Cordial
HectorWeasley,LucanBrattleby,445,Familiar
HectorWeasley,MahendraKapoor,232,Dislike
HectorWeasley,NatsaiOnai,548,Cordial
HectorWeasley,NellieOggspire,238,Dislike
HectorWeasley,NeridaRoberts,46,Hate
HectorWeasley,OminisGaunt,15,Hate
HectorWeasley,OwenWynn,232,Dislike
HectorWeasley,PoppySweeting,521,Cordial
HectorWeasley,SamanthaDale,205,Dislike
HectorWeasley,SebastianSallow,214,Dislike
HectorWeasley,SophroniaFranklin,227,Dislike
HectorWeasley,VioletMcDowell,351,Familiar
HectorWeasley,GarrethWeasley,0,Family
HectorWeasley,MatildaWeasley,0,Family

HerbertFleming,AdelaideOakes,169,Hate
HerbertFleming,AmitKakkar,638,Cordial
HerbertFleming,AndrewLarson,387,Dislike
HerbertFleming,ArthurSiggs,650,Cordial
HerbertFleming,AstoriaCrickett,625,Cordial
HerbertFleming,CharlotteMorrison,438,Indifferent
HerbertFleming,ConstanceDagworth,931,Companion
HerbertFleming,CressidaBlume,463,Familiar
HerbertFleming,DuncanHobhouse,730,Cordial
HerbertFleming,EricNorthcott,122,Hate
HerbertFleming,EvangelineBardsley,304,Dislike
HerbertFleming,EverettClopton,394,Dislike
HerbertFleming,FrancisDoyle,673,Cordial
HerbertFleming,GarrethWeasley,492,Familiar
HerbertFleming,GertrudeWigley,612,Cordial
HerbertFleming,GraceWaldegrave,650,Cordial
HerbertFleming,HectorFawley,645,Cordial
HerbertFleming,HectorWeasley,52,Hate
HerbertFleming,HildaLoddington,298,Dislike
HerbertFleming,LawrenceDavies,57,Hate
HerbertFleming,LeanderPrewett,576,Cordial
HerbertFleming,LenoraAbbott,407,Indifferent
HerbertFleming,LucanBrattleby,186,Hate
HerbertFleming,MahendraKapoor,454,Familiar
HerbertFleming,NatsaiOnai,644,Cordial
HerbertFleming,NellieOggspire,0,LoveInterest
HerbertFleming,NeridaRoberts,436,Indifferent
HerbertFleming,OminisGaunt,608,Cordial
HerbertFleming,OwenWynn,478,Familiar
HerbertFleming,PoppySweeting,222,Dislike
HerbertFleming,SamanthaDale,685,Cordial
HerbertFleming,SebastianSallow,680,Cordial
HerbertFleming,SophroniaFranklin,656,Cordial
HerbertFleming,VioletMcDowell,400,Dislike

HildaLoddington,AdelaideOakes,429,Dislike
HildaLoddington,AmitKakkar,100,Hate
HildaLoddington,AndrewLarson,447,Dislike
HildaLoddington,ArthurSiggs,326,Hate
HildaLoddington,AstoriaCrickett,22,Hate
HildaLoddington,CharlotteMorrison,17,Hate
HildaLoddington,ConstanceDagworth,261,Hate
HildaLoddington,CressidaBlume,102,Hate
HildaLoddington,DuncanHobhouse,386,Dislike
HildaLoddington,EricNorthcott,86,Hate
HildaLoddington,EvangelineBardsley,335,Hate
HildaLoddington,EverettClopton,1000,Companion
HildaLoddington,FrancisDoyle,279,Hate
HildaLoddington,GarrethWeasley,104,Hate
HildaLoddington,GertrudeWigley,486,Indifferent
HildaLoddington,GraceWaldegrave,892,Friendly
HildaLoddington,HectorFawley,316,Hate
HildaLoddington,HectorWeasley,283,Hate
HildaLoddington,HerbertFleming,306,Hate
HildaLoddington,LawrenceDavies,16,Hate
HildaLoddington,LeanderPrewett,82,Hate
HildaLoddington,LenoraAbbott,315,Hate
HildaLoddington,LucanBrattleby,707,Cordial
HildaLoddington,MahendraKapoor,353,Dislike
HildaLoddington,NatsaiOnai,154,Hate
HildaLoddington,NellieOggspire,784,Cordial
HildaLoddington,NeridaRoberts,692,Cordial
HildaLoddington,OminisGaunt,812,Friendly
HildaLoddington,OwenWynn,682,Cordial
HildaLoddington,PoppySweeting,435,Dislike
HildaLoddington,SamanthaDale,164,Hate
HildaLoddington,SebastianSallow,796,Cordial
HildaLoddington,SophroniaFranklin,151,Hate
HildaLoddington,VioletMcDowell,266,Hate

LawrenceDavies,AdelaideOakes,328,Dislike
LawrenceDavies,AmitKakkar,214,Hate
LawrenceDavies,AndrewLarson,738,Cordial
LawrenceDavies,ArthurSiggs,338,Dislike
LawrenceDavies,AstoriaCrickett,710,Cordial
LawrenceDavies,CharlotteMorrison,407,Indifferent
LawrenceDavies,ConstanceDagworth,229,Hate
LawrenceDavies,CressidaBlume,647,Familiar
LawrenceDavies,DuncanHobhouse,365,Dislike
LawrenceDavies,EricNorthcott,1000,Companion
LawrenceDavies,EvangelineBardsley,474,Indifferent
LawrenceDavies,EverettClopton,288,Hate
LawrenceDavies,FrancisDoyle,325,Dislike
LawrenceDavies,GarrethWeasley,888,Friendly
LawrenceDavies,GertrudeWigley,164,Hate
LawrenceDavies,GraceWaldegrave,119,Hate
LawrenceDavies,HectorFawley,544,Indifferent
LawrenceDavies,HectorWeasley,1000,Companion
LawrenceDavies,HerbertFleming,187,Hate
LawrenceDavies,HildaLoddington,68,Hate
LawrenceDavies,LeanderPrewett,1000,Companion
LawrenceDavies,LenoraAbbott,788,Friendly
LawrenceDavies,LucanBrattleby,740,Cordial
LawrenceDavies,MahendraKapoor,273,Hate
LawrenceDavies,NatsaiOnai,673,Cordial
LawrenceDavies,NellieOggspire,562,Familiar
LawrenceDavies,NeridaRoberts,287,Hate
LawrenceDavies,OminisGaunt,455,Indifferent
LawrenceDavies,OwenWynn,256,Hate
LawrenceDavies,PoppySweeting,536,Indifferent
LawrenceDavies,SamanthaDale,406,Indifferent
LawrenceDavies,SebastianSallow,549,Indifferent
LawrenceDavies,SophroniaFranklin,507,Indifferent
LawrenceDavies,VioletMcDowell,680,Cordial

LenoraAbbott,AdelaideOakes,676,Cordial
LenoraAbbott,AmitKakkar,781,Friendly
LenoraAbbott,AndrewLarson,483,Indifferent
LenoraAbbott,ArthurSiggs,834,Friendly
LenoraAbbott,AstoriaCrickett,509,Indifferent
LenoraAbbott,CharlotteMorrison,565,Familiar
LenoraAbbott,ConstanceDagworth,117,Hate
LenoraAbbott,CressidaBlume,888,Companion
LenoraAbbott,DuncanHobhouse,258,Hate
LenoraAbbott,EricNorthcott,703,Cordial
LenoraAbbott,EvangelineBardsley,483,Indifferent
LenoraAbbott,EverettClopton,193,Hate
LenoraAbbott,FrancisDoyle,712,Cordial
LenoraAbbott,GarrethWeasley,616,Familiar
LenoraAbbott,GertrudeWigley,427,Indifferent
LenoraAbbott,GraceWaldegrave,307,Dislike
LenoraAbbott,HectorFawley,507,Indifferent
LenoraAbbott,HectorWeasley,764,Friendly
LenoraAbbott,HerbertFleming,440,Indifferent
LenoraAbbott,HildaLoddington,183,Hate
LenoraAbbott,LawrenceDavies,824,Friendly
LenoraAbbott,LeanderPrewett,695,Cordial
LenoraAbbott,LucanBrattleby,64,Hate
LenoraAbbott,MahendraKapoor,223,Hate
LenoraAbbott,NatsaiOnai,690,Cordial
LenoraAbbott,NellieOggspire,322,Dislike
LenoraAbbott,NeridaRoberts,108,Hate
LenoraAbbott,OminisGaunt,469,Indifferent
LenoraAbbott,OwenWynn,290,Hate
LenoraAbbott,PoppySweeting,872,Companion
LenoraAbbott,SamanthaDale,510,Indifferent
LenoraAbbott,SebastianSallow,865,Companion
LenoraAbbott,SophroniaFranklin,498,Indifferent
LenoraAbbott,VioletMcDowell,572,Familiar

LucanBrattleby,AdelaideOakes,588,Cordial
LucanBrattleby,AmitKakkar,159,Hate
LucanBrattleby,AndrewLarson,252,Dislike
LucanBrattleby,ArthurSiggs,66,Hate
LucanBrattleby,AstoriaCrickett,206,Hate
LucanBrattleby,CharlotteMorrison,632,Cordial
LucanBrattleby,ConstanceDagworth,161,Hate
LucanBrattleby,CressidaBlume,372,Indifferent
LucanBrattleby,DuncanHobhouse,33,Hate
LucanBrattleby,EricNorthcott,816,Friendly
LucanBrattleby,EvangelineBardsley,112,Hate
LucanBrattleby,EverettClopton,515,Familiar
LucanBrattleby,FrancisDoyle,160,Hate
LucanBrattleby,GarrethWeasley,730,Cordial
LucanBrattleby,GertrudeWigley,205,Hate
LucanBrattleby,GraceWaldegrave,180,Hate
LucanBrattleby,HectorFawley,178,Hate
LucanBrattleby,HectorWeasley,548,Familiar
LucanBrattleby,HerbertFleming,55,Hate
LucanBrattleby,HildaLoddington,686,Cordial
LucanBrattleby,LawrenceDavies,679,Cordial
LucanBrattleby,LeanderPrewett,752,Friendly
LucanBrattleby,LenoraAbbott,148,Hate
LucanBrattleby,MahendraKapoor,333,Dislike
LucanBrattleby,NatsaiOnai,542,Familiar
LucanBrattleby,NellieOggspire,63,Hate
LucanBrattleby,NeridaRoberts,64,Hate
LucanBrattleby,OminisGaunt,39,Hate
LucanBrattleby,OwenWynn,248,Hate
LucanBrattleby,PoppySweeting,189,Hate
LucanBrattleby,SamanthaDale,147,Hate
LucanBrattleby,SebastianSallow,95,Hate
LucanBrattleby,SophroniaFranklin,67,Hate
LucanBrattleby,VioletMcDowell,252,Dislike

MahendraKapoor,AdelaideOakes,420,Familiar
MahendraKapoor,AmitKakkar,521,Familiar
MahendraKapoor,AndrewLarson,1000,Companion
MahendraKapoor,ArthurSiggs,323,Indifferent
MahendraKapoor,AstoriaCrickett,537,Familiar
MahendraKapoor,CharlotteMorrison,426,Familiar
MahendraKapoor,ConstanceDagworth,645,Cordial
MahendraKapoor,CressidaBlume,369,Indifferent
MahendraKapoor,DuncanHobhouse,486,Familiar
MahendraKapoor,EricNorthcott,593,Cordial
MahendraKapoor,EvangelineBardsley,716,Friendly
MahendraKapoor,EverettClopton,536,Familiar
MahendraKapoor,FrancisDoyle,795,Friendly
MahendraKapoor,GarrethWeasley,317,Indifferent
MahendraKapoor,GertrudeWigley,452,Familiar
MahendraKapoor,GraceWaldegrave,186,Hate
MahendraKapoor,HectorFawley,313,Indifferent
MahendraKapoor,HectorWeasley,314,Indifferent
MahendraKapoor,HerbertFleming,363,Indifferent
MahendraKapoor,HildaLoddington,210,Dislike
MahendraKapoor,LawrenceDavies,167,Hate
MahendraKapoor,LeanderPrewett,530,Familiar
MahendraKapoor,LenoraAbbott,32,Hate
MahendraKapoor,LucanBrattleby,251,Dislike
MahendraKapoor,NatsaiOnai,607,Cordial
MahendraKapoor,NellieOggspire,720,Friendly
MahendraKapoor,NeridaRoberts,972,Companion
MahendraKapoor,OminisGaunt,315,Indifferent
MahendraKapoor,OwenWynn,675,Cordial
MahendraKapoor,PoppySweeting,537,Familiar
MahendraKapoor,SamanthaDale,1000,Companion
MahendraKapoor,SebastianSallow,367,Indifferent
MahendraKapoor,SophroniaFranklin,870,Companion
MahendraKapoor,VioletMcDowell,434,Familiar

NellieOggspire,AdelaideOakes,308,Indifferent
NellieOggspire,AmitKakkar,892,Friendly
NellieOggspire,AndrewLarson,774,Friendly
NellieOggspire,ArthurSiggs,712,Cordial
NellieOggspire,AstoriaCrickett,482,Familiar
NellieOggspire,CharlotteMorrison,40,Hate
NellieOggspire,ConstanceDagworth,86,Hate
NellieOggspire,CressidaBlume,472,Familiar
NellieOggspire,DuncanHobhouse,492,Familiar
NellieOggspire,EricNorthcott,41,Hate
NellieOggspire,EvangelineBardsley,253,Dislike
NellieOggspire,EverettClopton,384,Indifferent
NellieOggspire,FrancisDoyle,978,Companion
NellieOggspire,GarrethWeasley,93,Hate
NellieOggspire,GertrudeWigley,520,Familiar
NellieOggspire,GraceWaldegrave,444,Familiar
NellieOggspire,HectorFawley,239,Dislike
NellieOggspire,HectorWeasley,351,Indifferent
NellieOggspire,HerbertFleming,607,Cordial
NellieOggspire,HildaLoddington,557,Familiar
NellieOggspire,LawrenceDavies,400,Indifferent
NellieOggspire,LeanderPrewett,6,Hate
NellieOggspire,LenoraAbbott,240,Dislike
NellieOggspire,LucanBrattleby,41,Hate
NellieOggspire,MahendraKapoor,670,Cordial
NellieOggspire,NatsaiOnai,35,Hate
NellieOggspire,NeridaRoberts,1000,Companion
NellieOggspire,OminisGaunt,1000,Companion
NellieOggspire,OwenWynn,787,Friendly
NellieOggspire,PoppySweeting,564,Familiar
NellieOggspire,SamanthaDale,557,Familiar
NellieOggspire,SebastianSallow,1000,Companion
NellieOggspire,SophroniaFranklin,459,Familiar
NellieOggspire,VioletMcDowell,225,Dislike

NeridaRoberts,AdelaideOakes,858,Companion
NeridaRoberts,AmitKakkar,549,Familiar
NeridaRoberts,AndrewLarson,786,Friendly
NeridaRoberts,ArthurSiggs,936,Companion
NeridaRoberts,AstoriaCrickett,516,Familiar
NeridaRoberts,CharlotteMorrison,171,Hate
NeridaRoberts,ConstanceDagworth,475,Familiar
NeridaRoberts,CressidaBlume,189,Hate
NeridaRoberts,DuncanHobhouse,410,Indifferent
NeridaRoberts,EricNorthcott,236,Hate
NeridaRoberts,EvangelineBardsley,345,Dislike
NeridaRoberts,EverettClopton,450,Indifferent
NeridaRoberts,FrancisDoyle,1000,Companion
NeridaRoberts,GarrethWeasley,11,Hate
NeridaRoberts,GertrudeWigley,611,Cordial
NeridaRoberts,GraceWaldegrave,446,Indifferent
NeridaRoberts,HectorFawley,187,Hate
NeridaRoberts,HectorWeasley,144,Hate
NeridaRoberts,HerbertFleming,435,Indifferent
NeridaRoberts,HildaLoddington,579,Cordial
NeridaRoberts,LawrenceDavies,140,Hate
NeridaRoberts,LeanderPrewett,164,Hate
NeridaRoberts,LenoraAbbott,17,Hate
NeridaRoberts,LucanBrattleby,81,Hate
NeridaRoberts,MahendraKapoor,1000,Companion
NeridaRoberts,NatsaiOnai,114,Hate
NeridaRoberts,NellieOggspire,1000,Companion
NeridaRoberts,OminisGaunt,896,Companion
NeridaRoberts,OwenWynn,876,Companion
NeridaRoberts,PoppySweeting,958,Companion
NeridaRoberts,SamanthaDale,596,Cordial
NeridaRoberts,SebastianSallow,580,Cordial
NeridaRoberts,SophroniaFranklin,483,Familiar
NeridaRoberts,VioletMcDowell,410,Indifferent

OwenWynn,AdelaideOakes,439,Dislike
OwenWynn,AmitKakkar,382,Dislike
OwenWynn,AndrewLarson,502,Indifferent
OwenWynn,ArthurSiggs,203,Hate
OwenWynn,AstoriaCrickett,279,Hate
OwenWynn,CharlotteMorrison,233,Hate
OwenWynn,ConstanceDagworth,709,Cordial
OwenWynn,CressidaBlume,387,Dislike
OwenWynn,DuncanHobhouse,244,Hate
OwenWynn,EricNorthcott,456,Indifferent
OwenWynn,EvangelineBardsley,123,Hate
OwenWynn,EverettClopton,35,Hate
OwenWynn,FrancisDoyle,1000,Companion
OwenWynn,GarrethWeasley,387,Dislike
OwenWynn,GertrudeWigley,268,Hate
OwenWynn,GraceWaldegrave,864,Friendly
OwenWynn,HectorFawley,460,Indifferent
OwenWynn,HectorWeasley,426,Dislike
OwenWynn,HerbertFleming,518,Indifferent
OwenWynn,HildaLoddington,737,Cordial
OwenWynn,LawrenceDavies,281,Hate
OwenWynn,LeanderPrewett,307,Hate
OwenWynn,LenoraAbbott,266,Hate
OwenWynn,LucanBrattleby,301,Hate
OwenWynn,MahendraKapoor,836,Friendly
OwenWynn,NatsaiOnai,228,Hate
OwenWynn,NellieOggspire,917,Companion
OwenWynn,NeridaRoberts,974,Companion
OwenWynn,OminisGaunt,1000,Companion
OwenWynn,PoppySweeting,803,Friendly
OwenWynn,SamanthaDale,409,Dislike
OwenWynn,SebastianSallow,648,Familiar
OwenWynn,SophroniaFranklin,475,Indifferent
OwenWynn,VioletMcDowell,32,Hate

SamanthaDale,AdelaideOakes,207,Dislike
SamanthaDale,AmitKakkar,610,Cordial
SamanthaDale,AndrewLarson,968,Companion
SamanthaDale,ArthurSiggs,480,Familiar
SamanthaDale,AstoriaCrickett,1000,Companion
SamanthaDale,CharlotteMorrison,372,Indifferent
SamanthaDale,ConstanceDagworth,878,Companion
SamanthaDale,CressidaBlume,953,Companion
SamanthaDale,DuncanHobhouse,464,Familiar
SamanthaDale,EricNorthcott,446,Indifferent
SamanthaDale,EvangelineBardsley,518,Cordial
SamanthaDale,EverettClopton,602,Cordial
SamanthaDale,FrancisDoyle,1000,Companion
SamanthaDale,GarrethWeasley,187,Hate
SamanthaDale,GertrudeWigley,427,Indifferent
SamanthaDale,GraceWaldegrave,538,Cordial
SamanthaDale,HectorFawley,373,Indifferent
SamanthaDale,HectorWeasley,285,Dislike
SamanthaDale,HerbertFleming,665,Friendly
SamanthaDale,HildaLoddington,156,Hate
SamanthaDale,LawrenceDavies,378,Indifferent
SamanthaDale,LeanderPrewett,768,Companion
SamanthaDale,LenoraAbbott,488,Familiar
SamanthaDale,LucanBrattleby,114,Hate
SamanthaDale,MahendraKapoor,1000,Companion
SamanthaDale,NatsaiOnai,757,Companion
SamanthaDale,NellieOggspire,550,Cordial
SamanthaDale,NeridaRoberts,584,Cordial
SamanthaDale,OminisGaunt,533,Cordial
SamanthaDale,OwenWynn,293,Dislike
SamanthaDale,PoppySweeting,614,Cordial
SamanthaDale,SebastianSallow,554,Cordial
SamanthaDale,SophroniaFranklin,1000,Companion
SamanthaDale,VioletMcDowell,731,Friendly

SophroniaFranklin,AdelaideOakes,427,Indifferent
SophroniaFranklin,AmitKakkar,1000,Companion
SophroniaFranklin,AndrewLarson,891,Friendly
SophroniaFranklin,ArthurSiggs,411,Indifferent
SophroniaFranklin,AstoriaCrickett,930,Companion
SophroniaFranklin,CharlotteMorrison,435,Indifferent
SophroniaFranklin,ConstanceDagworth,809,Friendly
SophroniaFranklin,CressidaBlume,616,Cordial
SophroniaFranklin,DuncanHobhouse,666,Cordial
SophroniaFranklin,EricNorthcott,324,Dislike
SophroniaFranklin,EvangelineBardsley,432,Indifferent
SophroniaFranklin,EverettClopton,429,Indifferent
SophroniaFranklin,FrancisDoyle,694,Cordial
SophroniaFranklin,GarrethWeasley,520,Familiar
SophroniaFranklin,GertrudeWigley,436,Indifferent
SophroniaFranklin,GraceWaldegrave,195,Hate
SophroniaFranklin,HectorFawley,517,Familiar
SophroniaFranklin,HectorWeasley,317,Dislike
SophroniaFranklin,HerbertFleming,637,Cordial
SophroniaFranklin,HildaLoddington,68,Hate
SophroniaFranklin,LawrenceDavies,343,Dislike
SophroniaFranklin,LeanderPrewett,622,Cordial
SophroniaFranklin,LenoraAbbott,408,Indifferent
SophroniaFranklin,LucanBrattleby,108,Hate
SophroniaFranklin,MahendraKapoor,904,Companion
SophroniaFranklin,NatsaiOnai,622,Cordial
SophroniaFranklin,NellieOggspire,550,Familiar
SophroniaFranklin,NeridaRoberts,432,Indifferent
SophroniaFranklin,OminisGaunt,54,Hate
SophroniaFranklin,OwenWynn,324,Dislike
SophroniaFranklin,PoppySweeting,598,Cordial
SophroniaFranklin,SamanthaDale,1000,Companion
SophroniaFranklin,SebastianSallow,724,Cordial
SophroniaFranklin,VioletMcDowell,587,Cordial

VioletMcDowell,AdelaideOakes,282,Dislike
VioletMcDowell,AmitKakkar,536,Familiar
VioletMcDowell,AndrewLarson,281,Dislike
VioletMcDowell,ArthurSiggs,375,Indifferent
VioletMcDowell,AstoriaCrickett,593,Cordial
VioletMcDowell,CharlotteMorrison,1000,Companion
VioletMcDowell,ConstanceDagworth,109,Hate
VioletMcDowell,CressidaBlume,164,Hate
VioletMcDowell,DuncanHobhouse,174,Hate
VioletMcDowell,EricNorthcott,741,Cordial
VioletMcDowell,EvangelineBardsley,984,Companion
VioletMcDowell,EverettClopton,829,Friendly
VioletMcDowell,FrancisDoyle,177,Hate
VioletMcDowell,GarrethWeasley,158,Hate
VioletMcDowell,GertrudeWigley,180,Hate
VioletMcDowell,GraceWaldegrave,5,Hate
VioletMcDowell,HectorFawley,354,Indifferent
VioletMcDowell,HectorWeasley,506,Familiar
VioletMcDowell,HerbertFleming,312,Dislike
VioletMcDowell,HildaLoddington,166,Hate
VioletMcDowell,LawrenceDavies,609,Cordial
VioletMcDowell,LeanderPrewett,398,Indifferent
VioletMcDowell,LenoraAbbott,517,Familiar
VioletMcDowell,LucanBrattleby,323,Dislike
VioletMcDowell,MahendraKapoor,463,Familiar
VioletMcDowell,NatsaiOnai,498,Familiar
VioletMcDowell,NellieOggspire,262,Dislike
VioletMcDowell,NeridaRoberts,430,Indifferent
VioletMcDowell,OminisGaunt,236,Hate
VioletMcDowell,OwenWynn,5,Hate
VioletMcDowell,PoppySweeting,419,Indifferent
VioletMcDowell,SamanthaDale,660,Cordial
VioletMcDowell,SebastianSallow,698,Cordial
VioletMcDowell,SophroniaFranklin,655,Cordial

BloodyBaron,GreyLady,0,LoveInterest
GreyLady,BloodyBaron,0,Enemy
DumfreyWestland,NearlyHeadlessNick,0,Rival
SirNestorAmset,NearlyHeadlessNick,0,Rival

RowlandOakes,AdelaideOakes,0,Family

